,0,1,2,3
0,1782,dre11,2020-05-08 06:12:00,m
1,1782,rusep,2020-05-08 06:20:00,?
2,1782,SeverusSnape,2020-05-08 06:21:00,m
3,1782,Karlifate,2020-05-08 06:21:00,?
4,1782,omowolewa,2020-05-08 06:24:00,?
5,1782,kingphilip,2020-05-08 06:28:00,m
6,1782,nonyofor2,2020-05-08 06:31:00,m
7,1782,udoka55555,2020-05-08 06:34:00,m
8,1782,Ifesinachi22,2020-05-08 06:38:00,m
9,1782,swtdrms,2020-05-08 06:40:00,m
10,1782,kingbee90,2020-05-08 06:41:00,?
11,1782,helinues,2020-05-08 06:41:00,?
12,1782,sinkhole,2020-05-08 06:43:00,m
13,1782,Chikelue2000,2020-05-08 06:43:00,m
14,1782,seunlayi,2020-05-08 06:48:00,m
15,1782,Afolabimills,2020-05-08 06:51:00,m
16,1782,Nwanyiogwashi,2020-05-08 06:58:00,f
17,1782,Maxymilliano,2020-05-08 07:04:00,m
18,1782,asanwafo,2020-05-08 07:06:00,?
19,1782,Gandollar,2020-05-08 07:28:00,f
20,1782,Gandollar,2020-05-08 07:32:00,f
21,1782,Tissaia,2020-05-08 07:48:00,f
22,1782,mosho2good,2020-05-08 07:49:00,?
23,1782,Calabar1stSon,2020-05-08 07:49:00,?
24,1782,Frankyboy1,2020-05-08 07:49:00,m
25,1782,Truthbites,2020-05-08 07:50:00,?
26,1782,Ikpa1,2020-05-08 07:50:00,?
27,1782,TriCee,2020-05-08 07:52:00,?
28,1782,Bola146,2020-05-08 07:52:00,f
29,1782,armadeo,2020-05-08 07:52:00,m
30,1782,MrOjay1,2020-05-08 07:52:00,m
31,1782,jericco1,2020-05-08 07:54:00,m
32,1782,Yankee101,2020-05-08 07:54:00,?
33,1782,Abdulquadrimuha,2020-05-08 07:55:00,m
34,1782,amanzejude,2020-05-08 07:57:00,m
35,1782,Successlane,2020-05-08 07:58:00,?
36,1782,captainamiedi1,2020-05-08 07:59:00,?
37,1782,CodeTemplar,2020-05-08 08:00:00,?
38,1782,goldman777,2020-05-08 08:00:00,?
39,1782,OlawaleBammie,2020-05-08 08:02:00,m
40,1782,gbemmyjoseph,2020-05-08 08:04:00,m
41,1782,OdefaGirl,2020-05-08 08:05:00,f
42,1782,juman,2020-05-08 08:06:00,m
43,1782,JimohMomoh,2020-05-08 08:07:00,?
44,1782,TheGoodJoe,2020-05-08 08:09:00,m
45,1782,watchindelta,2020-05-08 08:10:00,m
46,1782,betterman22,2020-05-08 08:11:00,m
47,1782,Bahamas95,2020-05-08 08:11:00,?
48,1782,jrusky,2020-05-08 08:13:00,m
49,1782,sleemomymy,2020-05-08 08:13:00,?
50,1782,cutefy,2020-05-08 08:16:00,?
51,1782,Seawhy,2020-05-08 08:18:00,m
52,1782,palatable01,2020-05-08 08:20:00,m
53,1782,TheGoodJoe,2020-05-08 08:20:00,m
54,1782,eyinjuege,2020-05-08 08:27:00,?
55,1782,Enyimbamercedes,2020-05-08 08:29:00,?
56,1782,TheGoodJoe,2020-05-08 08:30:00,m
57,1782,Racoon,2020-05-08 08:31:00,m
58,1782,eyinjuege,2020-05-08 08:31:00,?
59,1782,Racoon,2020-05-08 08:33:00,m
60,1782,Princekay10,2020-05-08 08:36:00,?
61,1782,micfred,2020-05-08 08:39:00,m
62,1782,Charly68,2020-05-08 08:39:00,?
63,1782,eyinjuege,2020-05-08 08:41:00,?
64,1782,Vello,2020-05-08 08:43:00,m
65,1782,bizzibodi,2020-05-08 08:44:00,m
66,1782,DominusPrime,2020-05-08 08:45:00,?
67,1782,TheGoodJoe,2020-05-08 08:46:00,m
68,1782,Fragility6,2020-05-08 08:47:00,?
69,1782,Vello,2020-05-08 08:49:00,m
70,1782,Reference,2020-05-08 08:51:00,m
71,1782,TheGoodJoe,2020-05-08 08:55:00,m
72,1782,Jahwinaboy,2020-05-08 09:00:00,m
73,1782,bobofellaini,2020-05-08 09:05:00,m
74,1782,Matrimonous,2020-05-08 09:08:00,?
75,1782,Naughtysite,2020-05-08 09:08:00,?
76,1782,freethinker01,2020-05-08 09:10:00,?
77,1782,iluvdonjazzy,2020-05-08 09:12:00,?
78,1782,mechanics,2020-05-08 09:21:00,m
79,1782,SmartyPants,2020-05-08 09:31:00,m
80,1782,bluefilm,2020-05-08 09:31:00,?
81,1782,Agboriotejoye,2020-05-08 09:34:00,m
82,1782,swtdrms,2020-05-08 09:35:00,m
83,1782,USDRONE,2020-05-08 09:37:00,m
84,1782,West2019,2020-05-08 09:37:00,m
85,1782,YoungAncient1,2020-05-08 09:39:00,?
86,1782,okanlawon3,2020-05-08 09:42:00,m
87,1782,Bagehot,2020-05-08 09:45:00,?
88,1782,duskdan,2020-05-08 09:46:00,m
89,1782,positivevibez,2020-05-08 10:03:00,?
90,1782,Omoejigbahe,2020-05-08 10:04:00,m
91,1782,HundredWays,2020-05-08 10:04:00,m
92,1782,iezeiyida,2020-05-08 10:13:00,m
93,1782,Truthbites,2020-05-08 10:16:00,?
94,1782,bizhop01,2020-05-08 10:25:00,m
95,1782,Ajibel,2020-05-08 10:25:00,m
96,1782,Laslaslala,2020-05-08 10:45:00,?
97,1782,goldman777,2020-05-08 10:51:00,?
98,1782,Vello,2020-05-08 10:52:00,m
99,1782,Vello,2020-05-08 10:54:00,m
100,1782,NnaEnh,2020-05-08 10:57:00,m
101,1782,goldman777,2020-05-08 11:01:00,?
102,1782,goldman777,2020-05-08 11:06:00,?
103,1782,dapadawee,2020-05-08 11:07:00,?
104,1782,Okoroawusa,2020-05-08 11:12:00,?
105,1782,stormborn28,2020-05-08 11:43:00,m
106,1782,Okoroawusa,2020-05-08 11:54:00,?
107,1782,Vello,2020-05-08 12:03:00,m
108,1782,Vello,2020-05-08 12:09:00,m
109,1782,L1lma,2020-05-08 12:55:00,f
110,1782,Truthbites,2020-05-08 13:14:00,?
111,1782,sabidey,2020-05-08 13:40:00,?
112,1782,sagir1994,2020-05-08 13:48:00,m
113,1782,Vello,2020-05-08 13:48:00,m
114,1782,TheGoodJoe,2020-05-08 13:50:00,m
115,1782,Niaja4real,2020-05-08 13:55:00,m
116,1782,Truthbites,2020-05-08 13:58:00,?
117,1782,efilefun,2020-05-08 14:01:00,m
118,1782,igbowoman,2020-05-08 14:49:00,?
119,1782,Ajibel,2020-05-08 15:38:00,m
120,1782,HeavenShield,2020-05-08 16:21:00,?
121,1782,Ghokes,2020-05-08 16:31:00,m
122,1782,xpansion,2020-05-08 18:09:00,m
123,1782,SirBunky85,2020-05-08 18:25:00,m
124,1782,SirBunky85,2020-05-08 18:26:00,m
125,1782,Akiika,2020-05-08 18:49:00,?
126,1782,kabillionaire,2020-05-08 20:00:00,m
127,1782,Azord,2020-05-08 22:06:00,m
128,1782,excel101,2020-05-08 22:19:00,m
129,1782,Xclusiveanalyst,2020-05-08 22:56:00,?
130,1782,Igbo6,2020-05-08 23:23:00,m
